Fund Name,P1,P2,P3,P4,P5,Topsis Score,Rank
M1,0.66,0.44,3.8,65.4,17.58,0.6016618978235905,4
M2,0.71,0.5,5.2,67.9,18.58,0.7128211412503918,2
M3,0.77,0.59,4.3,34.4,10.02,0.18880747884516386,8
M4,0.73,0.53,3.6,53.8,14.67,0.4564438939423733,6
M5,0.8,0.64,5.1,59.9,16.61,0.7192935580005864,1
M6,0.84,0.71,3.9,41.4,11.71,0.32335305987373686,7
M7,0.84,0.71,4.9,55.2,15.41,0.6524434178688785,3
M8,0.91,0.83,4.4,51.5,14.41,0.5883368016804396,5
