Fund Name,P1,P2,P3,P4,P5,Topsis score,Rank
M1,0.71,0.5,3.8,40.8,11.45,0.46188087899612723,7
M2,0.94,0.88,5.3,56.2,15.83,0.463357697819243,6
M3,0.85,0.72,4.0,30.5,9.02,0.469560728188693,5
M4,0.61,0.37,5.4,56.9,15.82,0.5157932321897282,2
M5,0.91,0.83,3.4,53.4,14.64,0.40125089812845816,8
M6,0.94,0.88,5.9,52.5,15.06,0.48290292201911517,3
M7,0.93,0.86,5.0,36.5,10.82,0.4709621253335865,4
M8,0.82,0.67,6.9,56.8,16.3,0.5310409517676137,1
