Fund Name,P1,P2,P3,P4,P5,Topsis score,Rank
M1,0.66,0.44,3.8,65.4,17.58,0.4963633669122091,5
M2,0.71,0.5,5.2,67.9,18.58,0.6113834099494314,4
M3,0.77,0.59,4.3,34.4,10.02,0.249654903228233,8
M4,0.73,0.53,3.6,53.8,14.67,0.4037328136724935,7
M5,0.8,0.64,5.1,59.9,16.61,0.6766635328744107,1
M6,0.84,0.71,3.9,41.4,11.71,0.4071468030659294,6
M7,0.84,0.71,4.9,55.2,15.41,0.667993364827139,2
M8,0.91,0.83,4.4,51.5,14.41,0.6523132606806705,3
